month,PP价格__mean,PP价格__min,PP价格__max,PP价格__last,PP价格__range,PP产量__mean,PP产量__min,PP产量__max,PP产量__last,PP产量__range,塑编开工率__mean,塑编开工率__min,塑编开工率__max,塑编开工率__last,塑编开工率__range,排产比例__mean,排产比例__min,排产比例__max,排产比例__last,排产比例__range,PP进口量__mean,PP进口量__min,PP进口量__max,PP进口量__last,PP进口量__range,PP开工率__mean,PP开工率__min,PP开工率__max,PP开工率__last,PP开工率__range,BOPP开工率__mean,BOPP开工率__min,BOPP开工率__max,BOPP开工率__last,BOPP开工率__range,PDH成本__mean,PDH成本__min,PDH成本__max,PDH成本__last,PDH成本__range,乙烯成本__mean,乙烯成本__min,乙烯成本__max,乙烯成本__last,乙烯成本__range,MTO成本__mean,MTO成本__min,MTO成本__max,MTO成本__last,MTO成本__range,CTO成本__mean,CTO成本__min,CTO成本__max,CTO成本__last,CTO成本__range,丙烯成本__mean,丙烯成本__min,丙烯成本__max,丙烯成本__last,丙烯成本__range,期货价格__mean,期货价格__min,期货价格__max,期货价格__last,期货价格__range,检修损失__mean,检修损失__min,检修损失__max,检修损失__last,检修损失__range,PP石化库存__mean,PP石化库存__min,PP石化库存__max,PP石化库存__last,PP石化库存__range,GDP__mean,GDP__min,GDP__max,GDP__last,GDP__range,y,y_prev,y_direction,y_return,y_strength,cal_year,cal_month,cfg_strong_threshold,cfg_flat_threshold
2015-01,9502.173913043478,8750.0,10300.0,9400.0,1550.0,1243.0,1243.0,1243.0,1243.0,0.0,70.5,70.0,71.0,70.0,1.0,37.22521739130435,29.63,47.26,46.63,17.63,292.91,292.91,292.91,292.91,0.0,57.5,56.0,59.0,56.0,3.0,63.28,63.28,63.28,63.28,0.0,,,,,,6051.84,6051.84,6051.84,6051.84,0.0,,,,,,,,,,,7644.945652173913,6885.25,8501.25,7390.25,1616.0,,,,,,,,,,,88.1,68.5,101.0,78.5,32.5,,,,,,8438.095238095239,9502.173913043478,0,-0.11198265625170217,big_down,2015,1,0.05,0.005
2015-02,8438.095238095239,7850.0,9450.0,8000.0,1600.0,1320.0,1320.0,1320.0,1320.0,0.0,66.8,65.0,69.0,65.0,4.0,36.03142857142857,30.76,44.24,35.95,13.48,319.97,319.97,319.97,319.97,0.0,54.6,52.0,56.0,52.0,4.0,63.8,63.8,63.8,63.8,0.0,,,,,,5533.5666666666675,5294.38,5991.68,5757.46,697.3000000000002,,,,,,4783.535714285715,4713.25,4810.75,4713.25,97.5,7305.6625,7087.25,7718.5,7718.5,631.25,,,,,,,,,,,81.53125,72.5,94.0,72.5,21.5,,,,,,8304.411764705883,8438.095238095239,0,-0.015842849555171942,small_down,2015,2,0.05,0.005
2015-03,8304.411764705883,8000.0,8550.0,8500.0,550.0,1262.0,1262.0,1262.0,1262.0,0.0,45.0,35.0,60.0,35.0,25.0,38.52823529411765,33.17,45.27,43.17,12.100000000000001,227.77,227.77,227.77,227.77,0.0,31.25,23.0,50.0,23.0,27.0,58.64,58.64,58.64,58.64,0.0,,,,,,6162.262352941177,5836.77,6444.13,6444.13,607.3599999999997,,,,,,4706.191176470588,4690.75,4713.25,4690.75,22.5,7853.166666666667,7415.5,8122.5,8122.5,707.0,,,,,,,,,,,71.4375,56.0,96.0,95.5,40.0,,,,,,8527.272727272728,8304.411764705883,1,0.02683645378881789,small_up,2015,3,0.05,0.005
2015-04,8527.272727272728,8100.0,8850.0,8800.0,750.0,1302.0,1302.0,1302.0,1302.0,0.0,54.25,50.0,56.0,56.0,6.0,35.26909090909091,32.49,43.79,33.45,11.299999999999997,392.45,392.45,392.45,392.45,0.0,41.75,28.0,51.0,51.0,23.0,62.17,62.17,62.17,62.17,0.0,,,,,,6046.469090909091,5805.53,6338.65,5911.02,533.1199999999999,,,,,,4647.113636363636,4600.75,4690.75,4600.75,90.0,8278.59090909091,8223.5,8425.5,8223.5,202.0,,,,,,,,,,,95.82142857142857,84.0,105.0,88.0,21.0,,,,,,9216.666666666666,8527.272727272728,1,0.08084577114427845,big_up,2015,4,0.05,0.005
2015-05,9216.666666666666,8800.0,9750.0,9700.0,950.0,1279.0,1279.0,1279.0,1279.0,0.0,59.5,57.0,62.0,62.0,5.0,33.0,28.03,37.73,36.89,9.699999999999996,286.82,286.82,286.82,286.82,0.0,52.75,52.0,54.0,54.0,2.0,61.43,61.43,61.43,61.43,0.0,,,,,,6314.584761904762,5894.66,6716.86,6716.86,822.1999999999998,,,,,,4560.964285714285,4528.75,4600.75,4543.75,72.0,8459.166666666666,8324.5,8526.5,8324.5,202.0,,,,,,,,,,,87.8076923076923,78.5,93.5,78.5,15.0,,,,,,9290.0,9216.666666666666,1,0.00795660036166372,small_up,2015,5,0.05,0.005
2015-06,9290.0,8850.0,9750.0,9000.0,900.0,1332.0,1332.0,1332.0,1332.0,0.0,62.6,62.0,63.0,63.0,1.0,34.0625,31.16,38.22,36.47,7.059999999999999,250.31,250.31,250.31,250.31,0.0,54.4,54.0,55.0,54.0,1.0,59.3,59.3,59.3,59.3,0.0,,,,,,6629.1425,6386.17,6785.61,6632.98,399.4399999999996,,,,,,4537.75,4536.25,4543.75,4536.25,7.5,8498.725,8324.5,8627.5,8324.5,303.0,,,,,,,,,,,83.75,74.0,91.5,74.0,17.5,,,,,,8878.57142857143,9290.0,0,-0.04428725203752106,small_down,2015,6,0.05,0.005
2015-07,8878.57142857143,8700.0,9150.0,8750.0,450.0,1473.0,1473.0,1473.0,1473.0,0.0,61.75,61.0,62.0,61.0,1.0,35.05380952380953,27.67,42.44,33.76,14.769999999999996,258.2,258.2,258.2,258.2,0.0,52.25,51.0,53.0,51.0,2.0,58.8,58.8,58.8,58.8,0.0,,,,,,6500.4228571428575,6380.36,6641.01,6489.3,260.65000000000055,,,,,,4469.821428571428,4443.25,4536.25,4443.25,93.0,8223.5,8122.5,8324.5,8173.0,202.0,,,,,,,,,,,76.08333333333333,68.0,82.0,76.5,14.0,,,,,,8306.521739130434,8878.57142857143,0,-0.06443037531917886,big_down,2015,7,0.05,0.005
2015-08,8306.521739130434,7900.0,8800.0,8000.0,900.0,1386.0,1386.0,1386.0,1386.0,0.0,62.4,62.0,63.0,63.0,1.0,32.52391304347826,28.31,41.67,37.43,13.360000000000003,269.67,269.67,269.67,269.67,0.0,50.6,50.0,51.0,51.0,1.0,57.02,57.02,57.02,57.02,0.0,,,,,,6010.290434782609,5689.44,6384.82,5689.44,695.3800000000001,,,,,,4437.967391304348,4435.75,4438.75,4435.75,3.0,7793.152173913043,7617.5,8173.0,7617.5,555.5,,,,,,,,,,,77.16666666666667,73.0,82.5,73.5,9.5,,,,,,8166.666666666667,8306.521739130434,0,-0.01683677920265189,small_down,2015,8,0.05,0.005
2015-09,8166.666666666667,7750.0,8450.0,8150.0,700.0,1449.0,1449.0,1449.0,1449.0,0.0,63.75,63.0,64.0,64.0,1.0,34.75333333333333,26.55,44.97,40.97,18.419999999999998,278.71,278.71,278.71,278.71,0.0,52.75,52.0,54.0,54.0,2.0,56.29,56.29,56.29,56.29,0.0,,,,,,5518.9628571428575,5162.77,6008.71,6008.71,845.9399999999996,,,,,,4432.321428571428,4431.25,4435.75,4431.25,4.5,7550.166666666667,7112.5,7617.5,7112.5,505.0,,,,,,,,,,,77.1076923076923,69.5,83.0,76.5,13.5,,,,,,7921.428571428572,8166.666666666667,0,-0.030029154518950458,small_down,2015,9,0.05,0.005
2015-10,7921.428571428572,7450.0,8300.0,7500.0,850.0,1545.0,1545.0,1545.0,1545.0,0.0,65.25,64.0,67.0,67.0,3.0,35.71190476190476,29.13,42.14,40.73,13.010000000000002,297.8,297.8,297.8,297.8,0.0,55.0,54.0,56.0,56.0,2.0,56.85,56.85,56.85,56.85,0.0,,,,,,5582.387619047619,5424.87,5722.59,5565.99,297.72000000000025,,,,,,4423.321428571428,4416.25,4428.25,4416.25,12.0,6304.5,4890.5,7112.5,4890.5,2222.0,,,,,,,,,,,81.29230769230769,73.0,88.0,76.5,15.0,,,,,,7323.611111111111,7921.428571428572,0,-0.07546838994088767,big_down,2015,10,0.05,0.005
2015-11,7323.611111111111,6950.0,7750.0,7050.0,800.0,1504.0,1504.0,1504.0,1504.0,0.0,67.75,67.0,69.0,69.0,2.0,39.06111111111111,33.61,45.2,41.08,11.590000000000003,263.94,263.94,263.94,263.94,0.0,58.0,56.0,59.0,59.0,3.0,54.38,54.38,54.38,54.38,0.0,,,,,,5625.701666666667,5444.59,5872.08,5645.98,427.4899999999998,,,,,,4393.416666666667,4378.0,4423.75,4378.0,45.75,5353.911764705882,4890.5,5496.5,5496.5,606.0,,,,,,,,,,,85.79166666666667,73.0,103.0,73.0,30.0,,,,,,6628.571428571428,7323.611111111111,0,-0.09490395816965137,big_down,2015,11,0.05,0.005
2015-12,6628.571428571428,6250.0,7050.0,6550.0,800.0,1487.0,1487.0,1487.0,1487.0,0.0,69.25,69.0,70.0,70.0,1.0,38.18142857142857,30.43,43.61,38.43,13.18,264.66,264.66,264.66,264.66,0.0,59.5,59.0,60.0,59.0,1.0,58.69,58.69,58.69,58.69,0.0,,,,,,5389.871428571429,5219.15,5706.1,5309.76,486.9500000000007,,,,,,4375.5,4370.5,4378.0,4370.5,7.5,5568.642857142857,5395.5,5698.5,5395.5,303.0,,,,,,,,,,,76.52727272727272,65.0,83.0,71.0,18.0,,,,,,6380.434782608696,6628.571428571428,0,-0.03743440779610188,small_down,2015,12,0.05,0.005
2016-01,6380.434782608696,6100.0,6750.0,6450.0,650.0,1551.0,1551.0,1551.0,1551.0,0.0,69.75,69.0,70.0,69.0,1.0,36.80913043478261,28.37,45.32,39.56,16.95,286.9,286.9,286.9,286.9,0.0,59.25,58.0,60.0,58.0,2.0,57.72,57.72,57.72,57.72,0.0,,,,,,4910.504347826087,4719.14,5297.83,4813.58,578.6899999999996,,,,,,4366.260869565217,4363.0,4370.5,4363.0,7.5,5557.978260869565,5395.5,5900.5,5900.5,505.0,,,,,,,,,,,69.1923076923077,57.0,80.5,62.5,23.5,,,,,,6261.5,6380.434782608696,0,-0.01864054514480414,small_down,2016,1,0.05,0.005
2016-02,6261.5,6000.0,6500.0,6450.0,500.0,1491.7,1491.7,1491.7,1491.7,0.0,67.0,62.0,69.0,62.0,7.0,37.6195,31.93,45.05,38.75,13.119999999999997,237.05,237.05,237.05,237.05,0.0,53.2,45.0,57.0,45.0,12.0,60.06,60.06,60.06,60.06,0.0,,,,,,4438.938,4135.32,4820.1,4651.26,684.7800000000007,5617.75,5500.0,5650.0,5650.0,150.0,4361.35,4360.0,4363.0,4360.0,3.0,5577.3,5496.5,5900.5,5496.5,404.0,,,,,,,,,,,62.32258064516129,48.5,77.0,50.0,28.5,,,,,,6342.222222222223,6261.5,1,0.012891834579928551,small_up,2016,2,0.05,0.005
2016-03,6342.222222222223,6150.0,6500.0,6450.0,350.0,1442.3,1442.3,1442.3,1442.3,0.0,56.5,50.0,63.0,63.0,13.0,38.31857142857143,33.72,44.19,38.98,10.469999999999999,182.43,182.43,182.43,182.43,0.0,44.5,40.0,48.0,48.0,8.0,54.6,54.6,54.6,54.6,0.0,,,,,,4596.61,4441.77,4741.22,4741.22,299.4499999999998,5817.8125,5680.0,5950.0,5860.0,270.0,4360.0,4360.0,4360.0,4360.0,0.0,5553.3125,5496.5,5597.5,5597.5,101.0,,,,,,,,,,,95.97058823529412,64.0,105.0,98.0,41.0,,,,,,7100.652173913043,6342.222222222223,1,0.11958426007738934,big_up,2016,3,0.05,0.005
2016-04,7100.652173913043,6440.0,7450.0,7375.0,1010.0,1508.3,1508.3,1508.3,1508.3,0.0,67.0,65.0,69.0,69.0,4.0,35.79260869565218,30.13,40.72,39.62,10.59,265.65,265.65,265.65,265.65,0.0,54.25,51.0,57.0,57.0,6.0,64.0,64.0,64.0,64.0,0.0,,,,,,5011.812173913043,4801.46,5155.05,4972.95,353.59000000000015,6007.391304347826,5740.0,6340.0,6340.0,600.0,4370.434782608696,4360.0,4375.0,4375.0,15.0,6295.717391304348,5597.5,6557.0,6557.0,959.5,,,,,,,,,,,78.41935483870968,70.0,98.0,73.0,28.0,,,,,,7163.75,7100.652173913043,1,0.00888620151241472,small_up,2016,4,0.05,0.005
2016-05,7163.75,6775.0,7575.0,6950.0,800.0,1457.9,1457.9,1457.9,1457.9,0.0,69.8,69.0,70.0,70.0,1.0,32.424,28.63,35.63,34.45,7.0000000000000036,245.93,245.93,245.93,245.93,0.0,61.8,60.0,63.0,63.0,3.0,64.32,64.32,64.32,64.32,0.0,,,,,,5280.25,4833.1,5629.74,5607.05,796.6399999999994,6483.25,6340.0,6640.0,6640.0,300.0,4379.275,4375.0,4379.5,4379.5,4.5,6567.1,6557.0,6759.0,6759.0,202.0,,,,,,,,,,,82.28333333333333,69.0,91.0,69.0,22.0,,,,,,6805.952380952381,7163.75,0,-0.04994557585728414,small_down,2016,5,0.05,0.005
2016-06,6805.952380952381,6650.0,6950.0,6900.0,300.0,1403.8,1403.8,1403.8,1403.8,0.0,69.75,69.0,70.0,69.0,1.0,29.848571428571432,22.25,36.4,33.15,14.149999999999999,246.55,246.55,246.55,246.55,0.0,63.75,63.0,64.0,64.0,1.0,61.6,61.6,61.6,61.6,0.0,,,,,,5624.357142857143,5300.26,5802.51,5797.58,502.25,6515.714285714285,6220.0,6775.0,6250.0,555.0,4443.5,4379.5,4495.0,4495.0,115.5,6845.571428571428,6759.0,6860.0,6860.0,101.0,,,,,,,,,,,78.04193548387097,69.0,91.0,72.0,22.0,,,,,,7302.142857142857,6805.952380952381,1,0.07290536994927409,big_up,2016,6,0.05,0.005
2016-07,7302.142857142857,6900.0,8150.0,8100.0,1250.0,1446.9,1446.9,1446.9,1446.9,0.0,68.0,67.0,69.0,67.0,2.0,33.52809523809524,29.84,38.14,36.35,8.3,245.54,245.54,245.54,245.54,0.0,62.25,62.0,63.0,62.0,1.0,61.95,61.95,61.95,61.95,0.0,,,,,,5813.139047619047,5604.92,5998.66,5829.13,393.7399999999998,6260.5,6100.0,6460.0,6160.0,360.0,4475.8,4472.5,4495.0,4474.0,22.5,6719.8625,6632.75,6860.0,6632.75,227.25,,,,,,,,,,,68.28333333333333,63.0,75.0,63.0,12.0,,,,,,8154.761904761905,7302.142857142857,1,0.11676285500016305,big_up,2016,7,0.05,0.005
2016-08,8154.761904761905,7950.0,8450.0,8200.0,500.0,1475.4,1475.4,1475.4,1475.4,0.0,60.8,59.0,65.0,59.0,6.0,32.973333333333336,27.67,42.05,42.05,14.379999999999995,233.1,233.1,233.1,233.1,0.0,60.2,60.0,61.0,60.0,1.0,61.95,61.95,61.95,61.95,0.0,,,,,,5615.794285714285,5287.74,5891.88,5287.74,604.1400000000003,5838.571428571428,5650.0,6160.0,5650.0,510.0,4560.142857142857,4480.0,4636.0,4636.0,156.0,6805.892857142857,6632.75,6834.75,6834.75,202.0,,,,,,,,,,,73.21935483870968,63.0,85.0,68.0,22.0,,,,,,8265.217391304348,8154.761904761905,1,0.013544906378927366,small_up,2016,8,0.05,0.005
2016-09,8265.217391304348,8150.0,8400.0,8250.0,250.0,1394.3,1394.3,1394.3,1394.3,0.0,59.75,59.0,60.0,59.0,1.0,36.88913043478261,27.73,47.26,31.8,19.529999999999998,247.82,247.82,247.82,247.82,0.0,59.0,59.0,59.0,59.0,0.0,59.0,59.0,59.0,59.0,0.0,,,,,,5646.0,5233.96,5919.17,5662.35,685.21,5966.95652173913,5710.0,6085.0,5965.0,375.0,4728.347826086957,4636.0,4837.0,4837.0,201.0,7148.728260869565,6834.75,7541.75,7541.75,707.0,,,,,,,,,,,72.1032258064516,66.5,78.0,67.5,11.5,,,,,,7949.047619047619,8265.217391304348,0,-0.03825304977330227,small_down,2016,9,0.05,0.005
2016-10,7949.047619047619,7700.0,8230.0,7900.0,530.0,1376.6,1376.6,1376.6,1376.6,0.0,62.0,60.0,64.0,64.0,4.0,33.74761904761905,28.27,40.1,36.14,11.830000000000002,256.67,256.67,256.67,256.67,0.0,60.4,59.0,62.0,62.0,3.0,58.0,58.0,58.0,58.0,0.0,,,,,,5668.6,5532.61,5872.0,5810.23,339.3900000000003,6524.5,5965.0,6880.0,6880.0,915.0,5198.875,5039.5,5276.5,5276.5,237.0,7693.25,7642.75,7743.75,7743.75,101.0,,,,,,,,,,,68.92666666666668,54.0,77.5,55.0,23.5,,,,,,8282.5,7949.047619047619,1,0.04194872102078713,small_up,2016,10,0.05,0.005
2016-11,8282.5,7950.0,8730.0,8680.0,780.0,1556.5,1556.5,1556.5,1556.5,0.0,65.0,65.0,65.0,65.0,0.0,31.28611111111111,26.59,35.43,33.28,8.84,247.23,247.23,247.23,247.23,0.0,62.75,62.0,63.0,63.0,1.0,60.0,60.0,60.0,60.0,0.0,,,,,,6021.492222222222,5803.75,6124.0,5803.75,320.25,7770.625,7240.0,7900.0,7750.0,660.0,5387.125,5344.0,5422.0,5422.0,78.0,7712.1875,7642.75,7743.75,7642.75,101.0,,,,,,,,,,,56.48,48.0,77.0,55.0,29.0,,,,,,8729.545454545454,8282.5,1,0.053974700216776826,big_up,2016,11,0.05,0.005
2016-12,8729.545454545454,8550.0,8900.0,8600.0,350.0,1526.2,1526.2,1526.2,1526.2,0.0,66.25,65.0,68.0,68.0,3.0,30.287727272727274,24.54,33.85,30.98,9.310000000000002,290.25,290.25,290.25,290.25,0.0,61.75,61.0,62.0,61.0,1.0,62.0,62.0,62.0,62.0,0.0,,,,,,5752.300454545454,5538.22,6049.87,6049.87,511.64999999999964,7543.409090909091,7360.0,7750.0,7600.0,390.0,5642.5,5471.5,5779.0,5779.0,307.5,7693.25,7642.75,7844.75,7844.75,202.0,,,,,,,,,,,57.25,52.0,67.0,57.0,15.0,,,,,,9253.40909090909,8729.545454545454,1,0.06001041395469926,big_up,2016,12,0.05,0.005
2017-01,9253.40909090909,8500.0,9800.0,9100.0,1300.0,1604.3,1604.3,1604.3,1604.3,0.0,69.6,68.0,70.0,70.0,2.0,31.765,27.02,39.1,36.12,12.080000000000002,319.27,319.27,319.27,319.27,0.0,61.0,61.0,61.0,61.0,0.0,63.0,63.0,63.0,63.0,0.0,,,,,,6425.533181818182,6247.02,6589.5,6589.5,342.47999999999956,8727.727272727272,7600.0,9100.0,9100.0,1500.0,5764.409090909091,5720.5,5779.0,5720.5,58.5,8299.25,7844.75,8652.75,8652.75,808.0,,,,,,,,,,,53.064516129032256,45.0,63.0,53.0,18.0,106.8,106.8,106.8,106.8,0.0,8915.625,9253.40909090909,0,-0.03650374554832363,small_down,2017,1,0.05,0.005
2017-02,8915.625,8700.0,9150.0,9000.0,450.0,1665.35,1665.35,1665.35,1665.35,0.0,63.0,50.0,70.0,50.0,20.0,33.43875,29.53,39.06,39.06,9.530000000000001,261.9,261.9,261.9,261.9,0.0,55.25,50.0,61.0,50.0,11.0,63.0,63.0,63.0,63.0,0.0,,,,,,6453.401578947369,6301.11,6598.48,6488.79,297.3699999999999,8308.0,8050.0,8740.0,8050.0,690.0,5710.0,5705.5,5720.5,5705.5,15.0,8397.444444444445,8299.25,8652.75,8400.25,353.5,,,,,,,,,,,65.12352941176471,50.0,78.0,57.7,28.0,106.8,106.8,106.8,106.8,0.0,8950.0,8915.625,1,0.00385559060637925,flat,2017,2,0.05,0.005
2017-03,8950.0,8550.0,9300.0,8600.0,750.0,1540.92,1540.92,1540.92,1540.92,0.0,53.75,35.0,65.0,65.0,30.0,34.91789473684211,29.54,41.75,41.75,12.21,331.16,331.16,331.16,331.16,0.0,48.75,45.0,50.0,50.0,5.0,64.29,64.29,64.29,64.29,0.0,,,,,,6474.283157894737,6395.77,6541.34,6448.52,145.5699999999997,8177.5,8050.0,8350.0,8260.0,300.0,5695.166666666667,5650.0,5705.5,5650.0,55.5,8509.666666666666,8400.25,8551.75,8400.25,151.5,,,,,,,,,,,97.74444444444445,92.0,106.0,98.0,14.0,106.8,106.8,106.8,106.8,0.0,8259.565217391304,8950.0,0,-0.07714355112946324,big_down,2017,3,0.05,0.005
2017-04,8259.565217391304,7950.0,8650.0,8250.0,700.0,1633.9,1633.9,1633.9,1633.9,0.0,70.0,70.0,70.0,70.0,0.0,29.608260869565218,23.44,36.13,25.29,12.690000000000001,324.86,324.86,324.86,324.86,0.0,53.0,53.0,53.0,53.0,0.0,65.69,65.69,65.69,65.69,0.0,,,,,,6218.406521739131,6056.45,6512.9,6245.65,456.4499999999998,8105.434782608696,7975.0,8260.0,8050.0,285.0,5698.195652173913,5650.0,5821.0,5821.0,171.0,8180.684782608696,7895.25,8400.25,7895.25,505.0,,,,,,,,,,,93.04782608695652,81.5,105.0,84.5,23.5,106.8,106.8,106.8,106.8,0.0,8020.789473684211,8259.565217391304,0,-0.028908996711392024,small_down,2017,4,0.05,0.005
2017-05,8020.789473684211,7770.0,8300.0,7950.0,530.0,1522.98,1522.98,1522.98,1522.98,0.0,68.5,67.0,70.0,67.0,3.0,28.325789473684207,23.48,31.64,23.48,8.16,235.16,235.16,235.16,235.16,0.0,53.0,53.0,53.0,53.0,0.0,68.02,68.02,68.02,68.02,0.0,,,,,,6320.183157894737,6127.29,6513.63,6154.16,386.34000000000015,8044.166666666667,7345.0,8500.0,7345.0,1155.0,5814.0526315789475,5764.0,5827.0,5764.0,63.0,7574.013888888889,7289.25,7794.25,7289.25,505.0,,,,,,,,,,,88.79473684210525,78.0,96.5,78.0,18.5,106.8,106.8,106.8,106.8,0.0,7828.571428571428,8020.789473684211,0,-0.02396497822856961,small_down,2017,5,0.05,0.005
2017-06,7828.571428571428,7500.0,8150.0,8000.0,650.0,1586.83,1586.83,1586.83,1586.83,0.0,65.0,65.0,65.0,65.0,0.0,29.216190476190473,24.82,36.25,36.25,11.43,226.86,226.86,226.86,226.86,0.0,54.0,54.0,54.0,54.0,0.0,63.93,63.93,63.93,63.93,0.0,,,,,,6126.982857142857,5889.48,6328.4,6143.72,438.9200000000001,7042.0,6970.0,7300.0,7300.0,330.0,5566.45,5398.0,5696.5,5398.0,298.5,7526.6,7289.25,7844.75,7844.75,555.5,,,,,,,,,,,81.44761904761906,70.0,92.0,86.0,22.0,106.8,106.8,106.8,106.8,0.0,7768.181818181818,7828.571428571428,0,-0.007714001327140018,small_down,2017,6,0.05,0.005
2017-07,7768.181818181818,7600.0,7950.0,7850.0,350.0,1593.58,1593.58,1593.58,1593.58,0.0,63.6,63.0,64.0,63.0,1.0,33.153636363636366,29.76,36.53,29.86,6.77,231.75,231.75,231.75,231.75,0.0,52.6,52.0,53.0,52.0,1.0,65.61,65.61,65.61,65.61,0.0,,,,,,5767.902727272727,5563.41,6013.76,5780.28,450.35000000000036,7239.318181818182,6880.0,7420.0,6910.0,540.0,5379.590909090909,5264.5,5537.5,5537.5,273.0,7578.477272727273,7541.75,7844.75,7541.75,303.0,,,,,,,,,,,77.03636363636363,63.0,91.0,63.0,28.0,106.8,106.8,106.8,106.8,0.0,8120.0,7768.181818181818,1,0.04528964306612056,small_up,2017,7,0.05,0.005
2017-08,8120.0,7800.0,8470.0,8150.0,670.0,1669.79,1669.79,1669.79,1669.79,0.0,62.0,62.0,62.0,62.0,0.0,32.332857142857144,26.07,37.06,33.32,10.990000000000002,209.42,209.42,209.42,209.42,0.0,51.0,51.0,51.0,51.0,0.0,65.37,65.37,65.37,65.37,0.0,,,,,,5870.39761904762,5695.71,6119.64,6119.64,423.9300000000003,7136.428571428572,7000.0,7180.0,7165.0,180.0,5582.857142857143,5537.5,5648.5,5648.5,111.0,7710.083333333333,7541.75,7945.75,7945.75,404.0,,,,,,,,,,,62.60952380952381,53.5,71.0,66.0,17.5,106.8,106.8,106.8,106.8,0.0,8579.130434782608,8120.0,1,0.056543156992932025,big_up,2017,8,0.05,0.005
2017-09,8579.130434782608,8250.0,9100.0,9050.0,850.0,1744.24,1744.24,1744.24,1744.24,0.0,58.5,56.0,60.0,56.0,4.0,31.260434782608694,28.13,36.34,34.18,8.210000000000004,250.18,250.18,250.18,250.18,0.0,49.25,48.0,50.0,48.0,2.0,64.25,64.25,64.25,64.25,0.0,,,,,,6023.924782608695,5903.46,6109.92,6015.94,206.46000000000004,7403.695652173913,7150.0,8050.0,8050.0,900.0,5662.065217391304,5657.5,5665.0,5665.0,7.5,8277.29347826087,8112.4,8476.0,8476.0,363.60000000000036,,,,,,,,,,,63.78260869565217,55.0,68.0,60.0,13.0,106.8,106.8,106.8,106.8,0.0,8977.272727272728,8579.130434782608,1,0.046408233971583,small_up,2017,9,0.05,0.005
2017-10,8977.272727272728,8550.0,9550.0,8800.0,1000.0,1641.89,1641.89,1641.89,1641.89,0.0,58.6,56.0,61.0,61.0,5.0,30.845238095238095,26.79,36.49,34.81,9.700000000000003,272.55,272.55,272.55,272.55,0.0,48.0,48.0,48.0,48.0,0.0,63.23,63.23,63.23,63.23,0.0,,,,,,6229.608571428571,5990.67,6516.6,6434.15,525.9300000000003,8785.0,8050.0,8995.0,8980.0,945.0,5696.928571428572,5665.0,5819.5,5819.5,154.5,8789.580952380953,8551.75,8880.0,8728.5,328.25,,,,,,,,,,,66.51363636363637,56.0,78.0,56.0,22.0,106.8,106.8,106.8,106.8,0.0,8943.75,8977.272727272728,0,-0.003734177215189947,flat,2017,10,0.05,0.005
2017-11,8943.75,8650.0,9150.0,8950.0,500.0,1707.28,1707.28,1707.28,1707.28,0.0,63.0,63.0,63.0,63.0,0.0,31.238235294117644,29.38,34.09,31.54,4.710000000000004,246.11,246.11,246.11,246.11,0.0,48.75,48.0,49.0,49.0,1.0,61.47,61.47,61.47,61.47,0.0,,,,,,6461.24,6295.74,6729.35,6729.35,433.6100000000006,8480.3125,8200.0,8860.0,8500.0,660.0,5902.176470588235,5860.0,5924.5,5924.5,64.5,8502.735294117647,8349.75,8728.5,8349.75,378.75,,,,,,,,,,,69.55882352941177,62.0,82.0,68.0,20.0,106.8,106.8,106.8,106.8,0.0,9014.772727272728,8943.75,1,0.007941045676894808,small_up,2017,11,0.05,0.005
2017-12,9014.772727272728,8750.0,9250.0,9000.0,500.0,1698.46,1698.46,1698.46,1698.46,0.0,62.0,62.0,62.0,62.0,0.0,33.39090909090909,29.28,36.15,36.08,6.869999999999997,306.14,306.14,306.14,306.14,0.0,49.0,49.0,49.0,49.0,0.0,60.64,60.64,60.64,60.64,0.0,,,,,,6827.557727272727,6654.77,6939.56,6869.5,284.78999999999996,8975.90909090909,8350.0,9490.0,9475.0,1140.0,5841.318181818182,5777.5,5924.5,5777.5,147.0,8318.761363636364,8173.0,8602.25,8602.25,429.25,,,,,,,,,,,62.93181818181818,58.0,69.0,59.0,11.0,106.8,106.8,106.8,106.8,0.0,9142.142857142857,9014.772727272728,1,0.014129045037906652,small_up,2017,12,0.05,0.005
2018-01,9142.142857142857,9000.0,9300.0,9200.0,300.0,1779.87,1779.87,1779.87,1779.87,0.0,63.0,63.0,63.0,63.0,0.0,33.3252380952381,28.93,38.7,30.59,9.770000000000003,281.6,281.6,281.6,281.6,0.0,49.0,49.0,49.0,49.0,0.0,58.85,58.85,58.85,58.85,0.0,,,,,,6905.732380952381,6700.27,7081.57,7064.21,381.2999999999993,10117.857142857143,9475.0,10420.0,10390.0,945.0,5771.857142857143,5770.0,5777.5,5770.0,7.5,8734.511904761905,8602.25,8829.5,8829.5,227.25,,,,,,,,,,,60.88095238095238,53.5,68.0,53.5,14.5,107.3,107.3,107.3,107.3,0.0,9459.09090909091,9142.142857142857,1,0.03466890168976281,small_up,2018,1,0.05,0.005
2018-02,9459.09090909091,9300.0,9700.0,9475.0,400.0,1835.13,1835.13,1835.13,1835.13,0.0,64.5,63.0,65.0,65.0,2.0,36.41318181818182,31.19,40.06,35.83,8.870000000000001,299.1,299.1,299.1,299.1,0.0,50.0,49.0,51.0,51.0,2.0,58.5,58.5,58.5,58.5,0.0,,,,,,7148.854090909092,7042.72,7255.31,7059.74,212.59000000000015,9290.90909090909,8650.0,9820.0,8650.0,1170.0,5717.090909090909,5698.0,5812.0,5812.0,114.0,9053.306818181818,8829.5,9132.5,9132.5,303.0,,,,,,180.0,180.0,180.0,180.0,0.0,59.75,54.0,68.0,59.0,14.0,107.3,107.3,107.3,107.3,0.0,9217.64705882353,9459.09090909091,0,-0.025525058653927745,small_down,2018,2,0.05,0.005
2018-03,9217.64705882353,9000.0,9500.0,9050.0,500.0,1672.19,1672.19,1672.19,1672.19,0.0,55.0,40.0,65.0,40.0,25.0,37.329166666666666,35.37,39.97,37.3,4.600000000000001,180.93,180.93,180.93,180.93,0.0,47.25,40.0,51.0,40.0,11.0,54.6,54.6,54.6,54.6,0.0,,,,,,6839.046666666666,6590.37,7078.6,6817.31,488.2300000000005,8377.0,8095.0,8650.0,8095.0,555.0,5880.0,5812.0,5893.0,5893.0,81.0,9257.066666666668,9132.5,9334.5,9132.5,202.0,,,,,,150.0,150.0,150.0,150.0,0.0,76.65384615384616,58.5,102.0,92.0,43.5,107.3,107.3,107.3,107.3,0.0,8802.045454545454,9217.64705882353,0,-0.04508760225097183,small_down,2018,3,0.05,0.005
2018-04,8802.045454545454,8430.0,9250.0,8675.0,820.0,1794.15,1794.15,1794.15,1794.15,0.0,60.8,58.0,62.0,62.0,4.0,36.04545454545455,32.52,40.94,35.93,8.419999999999995,301.89,301.89,301.89,301.89,0.0,46.6,42.0,49.0,49.0,7.0,58.1,58.1,58.1,58.1,0.0,,,,,,6891.330454545454,6654.65,7156.24,7109.62,501.59000000000015,8236.136363636364,7240.0,8830.0,8830.0,1590.0,5821.409090909091,5647.0,5893.0,5647.0,246.0,8821.46590909091,8476.0,9132.5,8476.0,656.5,,,,,,220.0,220.0,220.0,220.0,0.0,93.70454545454545,82.5,100.5,82.5,18.0,107.3,107.3,107.3,107.3,0.0,8866.25,8802.045454545454,1,0.007294275607426017,small_up,2018,4,0.05,0.005
2018-05,8866.25,8650.0,9050.0,8925.0,400.0,1706.82,1706.82,1706.82,1706.82,0.0,63.0,63.0,63.0,63.0,0.0,34.583999999999996,28.75,44.07,33.99,15.32,229.0,229.0,229.0,229.0,0.0,49.0,49.0,49.0,49.0,0.0,59.63,59.63,59.63,59.63,0.0,,,,,,7245.149444444444,6909.27,7472.89,7472.89,563.6199999999999,8655.833333333334,8275.0,8950.0,8905.0,675.0,5437.5,5339.5,5647.0,5339.5,307.5,8885.611111111111,8476.0,9031.5,9031.5,555.5,,,,,,240.0,240.0,240.0,240.0,0.0,82.875,72.0,94.0,72.0,22.0,107.3,107.3,107.3,107.3,0.0,9227.727272727272,8866.25,1,0.0407700293503197,small_up,2018,5,0.05,0.005
2018-06,9227.727272727272,9050.0,9350.0,9275.0,300.0,1757.32,1757.32,1757.32,1757.32,0.0,62.0,61.0,63.0,61.0,2.0,30.43045454545455,25.2,39.43,30.49,14.23,293.0,293.0,293.0,293.0,0.0,50.0,50.0,50.0,50.0,0.0,58.87,58.87,58.87,58.87,0.0,,,,,,7641.106363636363,7338.76,7834.11,7707.59,495.34999999999945,9206.363636363636,8755.0,9595.0,9250.0,840.0,5474.159090909091,5339.5,5546.5,5546.5,207.0,9164.636363636364,9031.5,9233.5,9233.5,202.0,,,,,,290.0,290.0,290.0,290.0,0.0,77.22727272727273,72.5,86.0,74.0,13.5,107.3,107.3,107.3,107.3,0.0,9190.75,9227.727272727272,0,-0.004007191763952443,flat,2018,6,0.05,0.005
2018-07,9190.75,8950.0,9400.0,9160.0,450.0,1628.37,1628.37,1628.37,1628.37,0.0,62.0,62.0,62.0,62.0,0.0,29.458,19.65,38.71,31.17,19.060000000000002,266.0,266.0,266.0,266.0,0.0,50.0,50.0,50.0,50.0,0.0,52.01,52.01,52.01,52.01,0.0,,,,,,7628.0025,7417.62,8036.12,8036.12,618.5,8651.5,8200.0,9250.0,8350.0,1050.0,5683.078947368421,5546.5,5830.0,5830.0,283.5,9013.825,8880.0,9233.5,8880.0,353.5,,,,,,360.0,360.0,360.0,360.0,0.0,73.9,66.0,81.0,66.0,15.0,107.3,107.3,107.3,107.3,0.0,9326.363636363636,9190.75,1,0.014755448289164218,small_up,2018,7,0.05,0.005
2018-08,9326.363636363636,9080.0,9650.0,9575.0,570.0,1816.54,1816.54,1816.54,1816.54,0.0,62.0,62.0,62.0,62.0,0.0,29.923636363636366,25.7,35.28,35.28,9.580000000000002,262.0,262.0,262.0,262.0,0.0,50.25,50.0,51.0,51.0,1.0,52.23,52.23,52.23,52.23,0.0,,,,,,7774.140909090909,7512.59,8001.06,7822.37,488.47000000000025,8724.318181818182,8350.0,8905.0,8425.0,555.0,5796.590909090909,5702.5,5848.0,5702.5,145.5,9067.079545454546,8779.0,9309.25,9309.25,530.25,,,,,,230.0,230.0,230.0,230.0,0.0,69.61363636363636,64.0,78.0,68.5,14.0,107.3,107.3,107.3,107.3,0.0,9956.739130434782,9326.363636363636,1,0.06759070508609617,big_up,2018,8,0.05,0.005
2018-09,9956.739130434782,9550.0,10200.0,9840.0,650.0,1674.36,1674.36,1674.36,1674.36,0.0,60.4,60.0,62.0,60.0,2.0,29.221304347826088,26.02,34.64,32.7,8.620000000000001,273.0,273.0,273.0,273.0,0.0,51.0,51.0,51.0,51.0,0.0,56.54,56.54,56.54,56.54,0.0,,,,,,7814.075217391305,7609.47,8091.81,8076.93,482.34000000000015,9025.652173913044,8425.0,9250.0,9250.0,825.0,5674.260869565217,5636.5,5702.5,5636.5,66.0,10042.597826086956,9460.75,10167.75,9965.75,707.0,,,,,,380.0,380.0,380.0,380.0,0.0,73.5,65.5,81.5,73.5,16.0,107.3,107.3,107.3,107.3,0.0,10204.047619047618,9956.739130434782,1,0.024838301513483266,small_up,2018,9,0.05,0.005
2018-10,10204.047619047618,9750.0,10650.0,10625.0,900.0,1683.31,1683.31,1683.31,1683.31,0.0,59.75,59.0,60.0,59.0,1.0,29.066190476190474,21.54,34.06,33.56,12.520000000000003,299.0,299.0,299.0,299.0,0.0,51.5,51.0,53.0,53.0,2.0,58.53,58.53,58.53,58.53,0.0,,,,,,8216.555263157894,8002.49,8544.55,8544.55,542.0599999999995,10062.368421052632,9475.0,10375.0,10360.0,900.0,5659.315789473684,5639.5,5683.0,5683.0,43.5,10086.684210526315,9915.25,10294.0,10294.0,378.75,,,,,,310.0,310.0,310.0,310.0,0.0,71.64285714285714,60.0,84.5,60.0,24.5,107.3,107.3,107.3,107.3,0.0,10850.0,10204.047619047618,1,0.06330354434514789,big_up,2018,10,0.05,0.005
2018-11,10850.0,10350.0,11150.0,10400.0,800.0,1813.56,1813.56,1813.56,1813.56,0.0,60.0,60.0,60.0,60.0,0.0,32.812083333333334,26.47,36.0,26.47,9.530000000000001,287.0,287.0,287.0,287.0,0.0,53.5,53.0,54.0,53.0,1.0,56.42,56.42,56.42,56.42,0.0,,,,,,8331.086666666666,8051.99,8746.95,8051.99,694.960000000001,10184.166666666666,9850.0,10360.0,9955.0,510.0,5761.25,5728.0,5777.5,5777.5,49.5,10521.25,10193.0,10849.5,10193.0,656.5,,,,,,240.0,240.0,240.0,240.0,0.0,77.63888888888889,72.0,84.5,74.0,12.5,107.3,107.3,107.3,107.3,0.0,9821.59090909091,10850.0,0,-0.09478424801005439,big_down,2018,11,0.05,0.005
2018-12,9821.59090909091,8800.0,10500.0,9025.0,1700.0,1713.33,1713.33,1713.33,1713.33,0.0,61.0,61.0,61.0,61.0,0.0,33.67333333333333,28.48,36.99,34.18,8.510000000000002,300.0,300.0,300.0,300.0,0.0,57.0,57.0,57.0,57.0,0.0,58.8,58.8,58.8,58.8,0.0,,,,,,7270.02,6696.87,7848.68,6696.87,1151.8100000000004,8693.636363636364,7840.0,9955.0,7840.0,2115.0,5664.795454545455,5492.5,5777.5,5492.5,285.0,9103.806818181818,8274.0,10117.25,8375.0,1843.25,,,,,,300.0,300.0,300.0,300.0,0.0,79.97727272727273,67.0,87.0,67.0,20.0,107.3,107.3,107.3,107.3,0.0,9257.142857142857,9821.59090909091,0,-0.05747012446075282,big_down,2018,12,0.05,0.005
2019-01,9257.142857142857,8950.0,9750.0,9150.0,800.0,1826.61,1826.61,1826.61,1826.61,0.0,62.0,62.0,62.0,62.0,0.0,32.89032258064516,27.81,40.15,33.87,12.34,289.0,289.0,289.0,289.0,0.0,57.0,57.0,57.0,57.0,0.0,59.06,59.06,59.06,59.06,0.0,,,,,,6566.114,6016.27,6938.71,6134.13,922.4399999999996,7271.5,7000.0,7450.0,7000.0,450.0,5450.875,5417.5,5477.5,5462.5,60.0,8845.9125,8577.0,9031.5,8905.25,454.5,,,,,,240.0,240.0,240.0,240.0,0.0,62.42857142857143,53.5,73.0,53.5,19.5,106.3,106.3,106.3,106.3,0.0,9150.0,9257.142857142857,0,-0.011574074074074046,small_down,2019,1,0.05,0.005
2019-02,9150.0,8900.0,9300.0,8975.0,400.0,1838.64,1838.64,1838.64,1838.64,0.0,62.0,62.0,62.0,62.0,0.0,36.36419354838709,33.87,44.74,44.74,10.870000000000005,309.8,309.8,309.8,309.8,0.0,57.0,57.0,57.0,57.0,0.0,56.11,56.11,56.11,56.11,0.0,,,,,,6706.330000000001,6249.75,6895.62,6773.35,645.8699999999999,6944.090909090909,6910.0,7030.0,6925.0,120.0,5611.545454545455,5455.0,5695.0,5695.0,240.0,8837.53409090909,8526.5,9006.25,8728.5,479.75,,,,,,240.0,240.0,240.0,240.0,0.0,58.54545454545455,51.0,68.0,62.0,17.0,106.3,106.3,106.3,106.3,0.0,8828.823529411764,9150.0,0,-0.03510125361620066,small_down,2019,2,0.05,0.005
2019-03,8828.823529411764,8650.0,9050.0,8675.0,400.0,1742.92,1742.92,1742.92,1742.92,0.0,49.666666666666664,44.0,55.0,55.0,11.0,37.70642857142857,28.83,44.3,29.28,15.469999999999999,211.1,211.1,211.1,211.1,0.0,45.25,37.0,55.0,52.0,18.0,42.12,42.12,42.12,42.12,0.0,6941.495833333333,6739.55,7136.7,6739.55,397.14999999999964,7055.212666666667,6824.96,7214.33,7080.64,389.3699999999999,7192.0,6925.0,7495.0,7495.0,570.0,5673.5,5627.5,5695.0,5642.5,67.5,8435.6,8324.5,8728.5,8324.5,404.0,,,,,,140.0,140.0,140.0,140.0,0.0,100.26666666666667,67.0,113.5,93.5,46.5,106.3,106.3,106.3,106.3,0.0,8818.095238095239,8828.823529411764,0,-0.0012151439295151729,flat,2019,3,0.05,0.005
2019-04,8818.095238095239,8650.0,9000.0,8800.0,350.0,1923.86,1923.86,1923.86,1923.86,0.0,60.0,60.0,60.0,60.0,0.0,31.201612903225808,28.25,35.78,35.78,7.530000000000001,287.0,287.0,287.0,287.0,0.0,55.8,55.0,57.0,57.0,2.0,57.26,57.26,57.26,57.26,0.0,7201.472380952381,6965.42,7464.08,7391.94,498.65999999999985,7172.522857142858,7011.64,7297.04,7297.04,285.39999999999964,7966.428571428572,7495.0,8140.0,8005.0,645.0,5845.0,5687.5,5984.5,5710.0,297.0,8043.142857142857,7819.5,8324.5,7920.5,505.0,,,,,,159.0,159.0,159.0,159.0,0.0,93.80952380952381,81.0,100.5,81.0,19.5,106.3,106.3,106.3,106.3,0.0,8893.863636363636,8818.095238095239,1,0.008592376950190881,small_up,2019,4,0.05,0.005
2019-05,8893.863636363636,8750.0,9100.0,8800.0,350.0,1845.84,1845.84,1845.84,1845.84,0.0,61.0,61.0,61.0,61.0,0.0,32.83,30.75,37.7,34.14,6.950000000000003,283.6,283.6,283.6,283.6,0.0,57.0,57.0,57.0,57.0,0.0,58.53,58.53,58.53,58.53,0.0,7442.429047619048,7042.18,7684.7,7374.93,642.5199999999995,7385.618181818182,7187.88,7604.97,7479.43,417.09000000000015,7525.0,6850.0,8020.0,6850.0,1170.0,5720.636363636364,5710.0,5801.5,5801.5,91.5,7782.772727272727,7516.5,7971.0,7516.5,454.5,,,,,,170.0,170.0,170.0,170.0,0.0,90.38636363636364,85.0,97.5,85.5,12.5,106.3,106.3,106.3,106.3,0.0,8561.904761904761,8893.863636363636,0,-0.03732448438962124,small_down,2019,5,0.05,0.005
2019-06,8561.904761904761,8350.0,8850.0,8450.0,500.0,1744.47,1744.47,1744.47,1744.47,0.0,61.0,61.0,61.0,61.0,0.0,29.93064516129032,22.64,34.14,25.31,11.5,260.7,260.7,260.7,260.7,0.0,58.4,58.0,59.0,59.0,1.0,58.23,58.23,58.23,58.23,0.0,6856.791,6406.75,7223.8,6406.75,817.0500000000002,7383.5045,6986.87,7585.57,6986.87,598.6999999999998,7037.857142857143,6760.0,7390.0,7390.0,630.0,5782.571428571428,5725.0,5801.5,5725.0,76.5,7581.428571428572,7466.0,7920.5,7920.5,454.5,,,,,,338.0,338.0,338.0,338.0,0.0,87.97619047619048,74.0,102.0,74.0,28.0,106.3,106.3,106.3,106.3,0.0,8390.78947368421,8561.904761904761,0,-0.01998565657748377,small_down,2019,6,0.05,0.005
2019-07,8390.78947368421,8150.0,8600.0,8550.0,450.0,1785.78,1785.78,1785.78,1785.78,0.0,61.0,61.0,61.0,61.0,0.0,29.95633333333333,27.09,33.11,31.75,6.02,233.0,233.0,233.0,233.0,0.0,59.75,59.0,60.0,60.0,1.0,54.71,54.71,54.71,54.71,0.0,6154.911052631579,5949.0,6352.5,6318.17,403.5,6865.257894736842,6635.32,7128.33,7125.9,493.0100000000002,6850.0,6700.0,7090.0,6700.0,390.0,5685.131578947368,5663.5,5717.5,5663.5,54.0,7960.368421052632,7870.0,8122.5,8122.5,252.5,,,,,,252.0,252.0,252.0,252.0,0.0,79.3157894736842,64.0,92.0,64.0,28.0,106.3,106.3,106.3,106.3,0.0,8761.95652173913,8390.78947368421,1,0.04423505669150687,small_up,2019,7,0.05,0.005
2019-08,8761.95652173913,8600.0,8900.0,8750.0,300.0,1901.31,1901.31,1901.31,1901.31,0.0,60.0,59.0,61.0,59.0,2.0,31.88774193548387,27.75,35.42,35.2,7.670000000000002,302.8,302.8,302.8,302.8,0.0,60.0,60.0,60.0,60.0,0.0,57.47,57.47,57.47,57.47,0.0,6231.91,6071.6,6369.59,6295.82,297.9899999999998,6947.535652173913,6773.23,7169.73,7027.49,396.5,6347.173913043478,5905.0,6700.0,5905.0,795.0,5710.326086956522,5665.0,5714.5,5710.0,49.5,8541.869565217392,8122.5,8678.0,8627.5,555.5,,,,,,254.0,254.0,254.0,254.0,0.0,74.80434782608695,65.5,83.5,73.0,18.0,106.3,106.3,106.3,106.3,0.0,8638.636363636364,8761.95652173913,0,-0.014074500118415182,small_down,2019,8,0.05,0.005
2019-09,8638.636363636364,8450.0,8800.0,8500.0,350.0,1791.29,1791.29,1791.29,1791.29,0.0,59.0,59.0,59.0,59.0,0.0,31.498387096774195,26.07,38.22,34.08,12.149999999999999,307.9,307.9,307.9,307.9,0.0,59.8,59.0,60.0,59.0,1.0,57.92,57.92,57.92,57.92,0.0,6052.500952380952,5907.35,6288.3,6174.93,380.9499999999998,6690.012727272727,6419.59,6860.12,6810.33,440.52999999999975,6328.409090909091,5920.0,6730.0,5920.0,810.0,5644.613636363636,5596.0,5710.0,5596.0,114.0,8496.65909090909,8324.5,8627.5,8324.5,303.0,,,,,,364.0,364.0,364.0,364.0,0.0,76.22727272727273,66.5,82.0,66.5,15.5,106.3,106.3,106.3,106.3,0.0,8754.047619047618,8638.636363636364,1,0.013359892760050495,small_up,2019,9,0.05,0.005
2019-10,8754.047619047618,8450.0,9050.0,8800.0,600.0,1773.3,1773.3,1773.3,1773.3,0.0,59.0,57.0,60.0,57.0,3.0,33.21366666666667,22.92,38.82,32.36,15.899999999999999,307.0,307.0,307.0,307.0,0.0,59.25,58.0,60.0,58.0,2.0,58.36,58.36,58.36,58.36,0.0,6530.297619047619,6048.66,6890.69,6871.64,842.0299999999997,6922.995238095238,6639.4,7141.79,6827.14,502.3900000000003,6700.75,6100.0,7900.0,7900.0,1800.0,5598.25,5596.0,5599.0,5599.0,3.0,8503.775,8324.5,8678.0,8425.5,353.5,,,,,,316.0,316.0,316.0,316.0,0.0,62.95238095238095,55.5,79.5,60.5,24.0,106.3,106.3,106.3,106.3,0.0,8710.526315789473,8754.047619047618,0,-0.004971563458650671,flat,2019,10,0.05,0.005
2019-11,8710.526315789473,8450.0,8850.0,8575.0,400.0,1905.09,1905.09,1905.09,1905.09,0.0,57.0,57.0,57.0,57.0,0.0,30.549999999999997,26.71,33.48,29.43,6.769999999999996,311.0,311.0,311.0,311.0,0.0,58.0,58.0,58.0,58.0,0.0,52.18,52.18,52.18,52.18,0.0,6937.155263157895,6728.64,7128.69,6916.02,400.0499999999993,6768.644736842105,6633.31,6926.28,6769.8,292.96999999999935,7939.473684210527,7000.0,8395.0,7090.0,1395.0,5540.105263157895,5480.5,5599.0,5480.5,118.5,8321.842105263158,8072.0,8425.5,8072.0,353.5,7980.0,7944.0,8028.0,7944.0,84.0,253.0,253.0,253.0,253.0,0.0,74.05263157894737,67.5,88.5,67.5,21.0,106.3,106.3,106.3,106.3,0.0,8427.857142857143,8710.526315789473,0,-0.032451445835131563,small_down,2019,11,0.05,0.005
2019-12,8427.857142857143,8250.0,8650.0,8325.0,400.0,1995.85,1995.85,1995.85,1995.85,0.0,58.0,57.0,59.0,59.0,2.0,37.39433333333333,32.67,41.54,39.08,8.869999999999997,312.0,312.0,312.0,312.0,0.0,58.8,58.0,59.0,59.0,1.0,61.3,61.3,61.3,61.3,0.0,6823.698571428572,6617.81,7108.98,7108.98,491.16999999999916,6940.375714285715,6786.85,7072.76,6925.22,285.90999999999985,6985.0,6805.0,7150.0,7105.0,345.0,5437.5,5422.0,5480.5,5422.0,58.5,7790.642857142857,7668.0,8021.5,7668.0,353.5,7970.190476190476,7856.0,8072.0,8072.0,216.0,206.0,206.0,206.0,206.0,0.0,68.97619047619048,60.0,76.0,60.0,16.0,106.3,106.3,106.3,106.3,0.0,7933.863636363636,8427.857142857143,0,-0.058614366394686826,big_down,2019,12,0.05,0.005
2020-01,7933.863636363636,7600.0,8400.0,7675.0,800.0,2099.78,2099.78,2099.78,2099.78,0.0,58.0,55.0,59.0,59.0,4.0,36.48258064516129,31.85,42.11,35.16,10.259999999999998,365.0,365.0,365.0,365.0,0.0,58.5,57.0,59.0,59.0,2.0,61.91,61.91,61.91,61.91,0.0,7682.570000000001,7084.95,8372.7,8199.86,1287.750000000001,7133.764090909091,6793.76,7355.94,7162.91,562.1799999999994,6796.136363636364,6475.0,7060.0,6550.0,585.0,5428.75,5425.0,5432.5,5432.5,7.5,7390.25,7264.0,7668.0,7314.5,404.0,7694.954545454545,7464.0,8148.0,7582.0,684.0,170.0,170.0,170.0,170.0,0.0,62.81818181818182,53.5,71.0,61.5,17.5,106.0,106.0,106.0,106.0,0.0,7533.823529411765,7933.863636363636,0,-0.0504218531206346,big_down,2020,1,0.05,0.005
2020-02,7533.823529411765,7350.0,7700.0,7400.0,350.0,2157.8,2157.8,2157.8,2157.8,0.0,40.0,11.0,60.0,11.0,49.0,33.957741935483874,28.41,40.64,33.77,12.23,267.4,267.4,267.4,267.4,0.0,40.2,10.0,60.0,10.0,50.0,44.02,44.02,44.02,44.02,0.0,7833.1835294117645,7205.24,8569.21,7299.63,1363.9699999999993,7060.027647058823,6790.11,7385.41,6790.11,595.3000000000002,6605.588235294118,6460.0,6730.0,6625.0,270.0,5432.5,5432.5,5432.5,5432.5,0.0,7564.029411764706,7365.0,7617.5,7617.5,252.5,7552.235294117647,7324.0,7722.0,7324.0,398.0,117.0,117.0,117.0,117.0,0.0,58.5625,49.0,73.5,59.0,24.5,106.0,106.0,106.0,106.0,0.0,6892.0,7533.823529411765,0,-0.08519227015420654,big_down,2020,2,0.05,0.005
2020-03,6892.0,6650.0,7150.0,6900.0,500.0,1794.9,1794.9,1794.9,1794.9,0.0,31.25,10.0,45.0,45.0,35.0,30.682758620689654,24.21,35.52,29.63,11.310000000000002,257.1,257.1,257.1,257.1,0.0,34.25,12.0,50.0,50.0,38.0,31.03,31.03,31.03,31.03,0.0,6700.2835000000005,6133.87,6915.31,6149.57,781.4400000000005,6370.9215,5978.76,6661.79,5978.76,683.0299999999997,6019.0,5650.0,6625.0,6085.0,975.0,5530.525,5432.5,5695.0,5695.0,262.5,6888.616666666667,6834.75,7137.75,6834.75,303.0,6946.6,6815.0,7138.0,6834.0,323.0,386.0,386.0,386.0,386.0,0.0,132.95,115.0,160.0,121.0,45.0,106.0,106.0,106.0,106.0,0.0,6724.090909090909,6892.0,0,-0.02436289769429643,small_down,2020,3,0.05,0.005
2020-04,6724.090909090909,5900.0,7150.0,6150.0,1250.0,2048.2,2048.2,2048.2,2048.2,0.0,59.5,50.0,70.0,70.0,20.0,29.460322580645162,26.16,35.13,29.26,8.970000000000002,276.4,276.4,276.4,276.4,0.0,61.25,55.0,67.0,65.0,12.0,58.93,58.93,58.93,58.93,0.0,5186.714545454545,4240.44,6346.98,4875.73,2106.54,4666.046363636364,3824.09,6070.56,3834.56,2246.4700000000003,5829.318181818182,5395.0,6295.0,5395.0,900.0,5491.375,5308.75,5687.5,5308.75,378.75,6853.113636363636,6329.75,7137.75,6329.75,808.0,6617.545454545455,5711.0,7155.0,5912.0,1444.0,344.0,344.0,344.0,344.0,0.0,124.0909090909091,112.5,132.0,117.5,19.5,106.0,106.0,106.0,106.0,0.0,7368.181818181818,6724.090909090909,1,0.09578854863786924,big_up,2020,4,0.05,0.005
2020-05,7368.181818181818,6000.0,9400.0,7525.0,3400.0,2003.32,2003.32,2003.32,2003.32,0.0,66.2,65.0,68.0,65.0,3.0,21.306333333333335,12.47,28.09,25.55,15.62,295.7,295.7,295.7,295.7,0.0,60.6,57.0,63.0,57.0,6.0,54.6,54.6,54.6,54.6,0.0,5487.931363636364,4901.43,5991.57,5302.81,1090.1399999999994,4115.915454545455,3562.93,4742.39,4025.05,1179.4600000000005,5457.727272727273,5200.0,5860.0,5275.0,660.0,5232.693181818182,5122.0,5308.75,5122.0,186.75,6802.613636363636,5824.75,8349.75,6834.75,2525.0,6740.0,5820.0,7218.0,7000.0,1398.0,311.0,311.0,311.0,311.0,0.0,93.93181818181819,77.0,118.0,79.5,41.0,106.0,106.0,106.0,106.0,0.0,7534.210526315789,7368.181818181818,1,0.022533199129841856,small_up,2020,5,0.05,0.005
2020-06,7534.210526315789,7250.0,7850.0,7600.0,600.0,2118.91,2118.91,2118.91,2118.91,0.0,62.75,62.0,65.0,62.0,3.0,28.398709677419355,25.55,33.79,31.2,8.239999999999998,437.7,437.7,437.7,437.7,0.0,55.5,55.0,57.0,55.0,2.0,53.47,53.47,53.47,53.47,0.0,5518.626111111112,5307.97,5746.19,5430.36,438.21999999999935,4664.411111111111,4344.35,4913.96,4848.28,569.6099999999997,5395.789473684211,5230.0,5680.0,5230.0,450.0,5176.5526315789475,5114.5,5297.5,5297.5,183.0,7089.9078947368425,6834.75,7339.75,7339.75,505.0,7029.0,6788.0,7201.0,7201.0,413.0,301.0,301.0,301.0,301.0,0.0,83.86842105263158,69.0,95.0,69.0,26.0,106.0,106.0,106.0,106.0,0.0,7782.142857142857,7534.210526315789,1,0.032907539543934945,small_up,2020,6,0.05,0.005
2020-07,7782.142857142857,7600.0,7950.0,7750.0,350.0,1993.07,1993.07,1993.07,1993.07,0.0,58.0,56.0,62.0,56.0,6.0,30.250999999999998,25.15,35.55,27.81,10.399999999999999,576.4,576.4,576.4,576.4,0.0,56.75,55.0,58.0,57.0,3.0,56.14,56.14,56.14,56.14,0.0,5592.0690476190475,5383.64,5816.81,5607.84,433.1700000000001,5253.693809523809,5070.46,5440.13,5284.3,369.6700000000001,5301.428571428572,5230.0,5380.0,5380.0,150.0,5358.892857142857,5301.25,5543.5,5543.5,242.25,7505.678571428572,7339.75,7642.75,7642.75,303.0,7423.8,7303.0,7513.0,7417.0,210.0,348.0,348.0,348.0,348.0,0.0,74.19047619047619,65.5,84.0,69.0,18.5,106.0,106.0,106.0,106.0,0.0,7804.782608695652,7782.142857142857,1,0.002909192489574409,flat,2020,7,0.05,0.005
2020-08,7804.782608695652,7600.0,8050.0,7750.0,450.0,2065.46,2065.46,2065.46,2065.46,0.0,53.2,52.0,55.0,52.0,3.0,30.44645161290323,25.77,34.05,31.9,8.279999999999998,459.7,459.7,459.7,459.7,0.0,57.0,57.0,57.0,57.0,0.0,59.39,59.39,59.39,59.39,0.0,5714.888260869565,5500.09,6006.69,5676.72,506.59999999999945,5410.417826086957,5342.26,5484.02,5403.92,141.76000000000022,5358.478260869565,5065.0,5560.0,5065.0,495.0,5636.271739130435,5547.25,5654.5,5643.25,107.25,7583.467391304348,7491.25,7642.75,7491.25,151.5,7571.869565217391,7368.0,7731.0,7635.0,363.0,362.0,362.0,362.0,362.0,0.0,70.08695652173913,64.0,78.0,65.5,14.0,106.0,106.0,106.0,106.0,0.0,7835.476190476191,7804.782608695652,1,0.003932663255263732,flat,2020,8,0.05,0.005
2020-09,7835.476190476191,7620.0,8300.0,8175.0,680.0,2220.9,2220.9,2220.9,2220.9,0.0,53.0,52.0,55.0,55.0,3.0,30.513548387096776,26.12,34.09,30.01,7.970000000000002,372.4,372.4,372.4,372.4,0.0,58.0,58.0,58.0,58.0,0.0,63.59,63.59,63.59,63.59,0.0,5833.333333333333,5728.08,5924.26,5912.62,196.1800000000003,5510.228095238095,5445.7,5566.13,5489.72,120.43000000000029,5004.285714285715,4960.0,5080.0,5080.0,120.0,5605.357142857143,5571.25,5639.5,5582.5,68.25,7577.821428571428,7491.25,7693.25,7693.25,202.0,7699.238095238095,7560.0,7929.0,7929.0,369.0,206.0,206.0,206.0,206.0,0.0,69.38095238095238,58.0,79.0,68.5,21.0,106.0,106.0,106.0,106.0,0.0,8128.04347826087,7835.476190476191,1,0.037338801200147445,small_up,2020,9,0.05,0.005
2020-10,8128.04347826087,7880.0,8450.0,8040.0,570.0,2226.4,2226.4,2226.4,2226.4,0.0,58.25,55.0,60.0,60.0,5.0,28.55,22.59,32.63,32.22,10.040000000000003,410.0,410.0,410.0,410.0,0.0,60.5,58.0,62.0,62.0,4.0,65.91,65.91,65.91,65.91,0.0,5719.7734782608695,5523.68,5922.9,5922.9,399.21999999999935,5206.158260869565,5044.68,5506.73,5133.68,462.0499999999993,5471.304347826087,5080.0,5800.0,5380.0,720.0,5681.597826086957,5582.5,5836.0,5836.0,253.5,7824.989130434783,7693.25,7895.25,7895.25,202.0,7779.636363636364,7625.0,8060.0,7629.0,435.0,157.0,157.0,157.0,157.0,0.0,67.82608695652173,59.5,78.0,62.5,18.5,106.0,106.0,106.0,106.0,0.0,8165.0,8128.04347826087,1,0.004546791837171312,flat,2020,10,0.05,0.005
2020-11,8165.0,8000.0,8350.0,8175.0,350.0,2320.17,2320.17,2320.17,2320.17,0.0,59.25,59.0,60.0,59.0,1.0,31.74290322580645,27.02,36.57,30.63,9.55,391.0,391.0,391.0,391.0,0.0,62.0,62.0,62.0,62.0,0.0,65.77,65.77,65.77,65.77,0.0,6392.273529411765,6144.14,6564.93,6411.11,420.78999999999996,5135.748823529411,4828.88,5298.86,4828.88,469.97999999999956,5719.705882352941,5500.0,5785.0,5740.0,285.0,5823.470588235294,5770.0,5836.0,5770.0,66.0,7815.044117647059,7642.75,7895.25,7642.75,252.5,7825.8125,7743.0,7936.0,7819.0,193.0,200.0,200.0,200.0,200.0,0.0,72.20588235294117,58.0,89.5,58.0,31.5,106.0,106.0,106.0,106.0,0.0,8605.238095238095,8165.0,1,0.05391770915347158,big_up,2020,11,0.05,0.005
2020-12,8605.238095238095,8200.0,9200.0,8925.0,1000.0,2248.39,2248.39,2248.39,2248.39,0.0,59.5,59.0,61.0,61.0,2.0,29.962666666666667,22.43,36.58,36.58,14.149999999999999,401.6,401.6,401.6,401.6,0.0,62.5,62.0,63.0,63.0,1.0,63.95,63.95,63.95,63.95,0.0,6538.891904761906,6331.95,6675.42,6659.49,343.47000000000025,5254.7471428571425,4932.3,5576.81,5504.02,644.5100000000002,6569.285714285715,5950.0,6820.0,6595.0,870.0,5810.75,5770.0,5927.5,5927.5,157.5,7731.726190476191,7541.75,8248.75,8248.75,707.0,8342.809523809523,7943.0,8829.0,8720.0,886.0,220.08,220.08,220.08,220.08,0.0,61.80952380952381,51.5,71.0,58.0,19.5,106.0,106.0,106.0,106.0,0.0,8524.565217391304,8605.238095238095,0,-0.009374857145606878,small_down,2020,12,0.05,0.005
2021-01,8524.565217391304,7980.0,8900.0,8100.0,920.0,2346.82,2346.82,2346.82,2346.82,0.0,55.8,52.0,59.0,59.0,7.0,31.526129032258066,28.43,34.78,34.52,6.350000000000001,358.91,358.91,358.91,358.91,0.0,61.8,61.0,63.0,62.0,2.0,62.08,62.08,62.08,62.08,0.0,7087.8608695652165,6568.68,7810.61,7810.61,1241.9299999999994,5678.171304347826,5499.52,5816.86,5779.3,317.33999999999924,7069.782608695652,6595.0,7600.0,7420.0,1005.0,6188.597826086957,5927.5,6445.0,6445.0,517.5,8452.945652173914,8223.5,8551.75,8223.5,328.25,8315.08695652174,7923.0,8658.0,8057.0,735.0,192.79,192.79,192.79,192.79,0.0,63.69565217391305,56.5,72.0,58.0,15.5,102.3,102.3,102.3,102.3,0.0,8220.5,8524.565217391304,0,-0.0356692933465942,small_down,2021,1,0.05,0.005
2021-02,8220.5,7950.0,8550.0,8450.0,600.0,2394.52,2394.52,2394.52,2394.52,0.0,59.25,59.0,60.0,59.0,1.0,31.315161290322582,25.96,36.93,32.81,10.969999999999999,343.2,343.2,343.2,343.2,0.0,61.25,60.0,62.0,60.0,2.0,63.25,63.25,63.25,63.25,0.0,7911.522500000001,7261.38,8519.87,7277.14,1258.4900000000007,6005.8099999999995,5789.18,6097.89,6014.54,308.71000000000004,7055.5,6550.0,7420.0,6550.0,870.0,6759.7,6460.0,6985.0,6616.0,525.0,8077.05,7920.5,8198.25,7920.5,277.75,8034.15,7775.0,8284.0,8284.0,509.0,146.04,146.04,146.04,146.04,0.0,58.425,46.0,70.5,46.0,24.5,102.3,102.3,102.3,102.3,0.0,8773.823529411764,8220.5,1,0.06731020368733824,big_up,2021,2,0.05,0.005
2021-03,8773.823529411764,8250.0,9500.0,9350.0,1250.0,2230.92,2230.92,2230.92,2230.92,0.0,54.333333333333336,45.0,60.0,60.0,15.0,31.108571428571427,24.29,37.68,32.92,13.39,189.7,189.7,189.7,189.7,0.0,43.5,26.0,58.0,58.0,32.0,54.86,54.86,54.86,54.86,0.0,7549.417647058824,7096.49,7871.14,7425.6,774.6500000000005,6451.981764705883,6034.02,6836.52,6778.69,802.5,6276.470588235294,6010.0,6550.0,6400.0,540.0,6065.5,5698.0,6467.5,5698.0,769.5,8366.088235294117,7895.25,9334.5,9284.0,1439.25,8672.466666666667,8165.0,9347.0,9347.0,1182.0,99.3,99.3,99.3,99.3,0.0,71.47058823529412,51.5,94.0,82.0,42.5,102.3,102.3,102.3,102.3,0.0,9313.695652173914,8773.823529411764,1,0.0615321382920891,big_up,2021,3,0.05,0.005
2021-04,9313.695652173914,9000.0,9600.0,9100.0,600.0,2394.98,2394.98,2394.98,2394.98,0.0,60.0,60.0,60.0,60.0,0.0,31.56645161290323,28.13,36.75,29.58,8.620000000000001,307.6,307.6,307.6,307.6,0.0,59.0,59.0,59.0,59.0,0.0,64.68,64.68,64.68,64.68,0.0,7451.27652173913,7233.63,7667.94,7398.32,434.3099999999995,6775.099130434783,6417.17,7052.0,6667.26,634.8299999999999,6940.0,6655.0,7300.0,7225.0,645.0,5961.934782608696,5683.0,6535.0,6535.0,852.0,9281.804347826086,8829.5,9561.75,8829.5,732.25,9171.739130434782,8759.0,9582.0,8759.0,823.0,168.0,168.0,168.0,168.0,0.0,88.97826086956522,80.5,97.5,80.5,17.0,102.3,102.3,102.3,102.3,0.0,8864.318181818182,9313.695652173914,0,-0.048249104022509315,small_down,2021,4,0.05,0.005
2021-05,8864.318181818182,8650.0,9300.0,8700.0,650.0,2238.11,2238.11,2238.11,2238.11,0.0,56.2,53.0,59.0,53.0,6.0,32.32833333333333,27.59,34.73,29.44,7.139999999999997,237.7,237.7,237.7,237.7,0.0,56.2,54.0,58.0,54.0,4.0,63.64,63.64,63.64,63.64,0.0,7081.966818181818,6868.95,7401.59,6908.5,532.6400000000003,6769.060454545454,6594.89,6953.97,6856.15,359.0799999999999,7590.454545454545,7225.0,7900.0,7900.0,675.0,6827.125,6557.5,6978.25,6967.0,420.75,8958.73409090909,8728.5,9147.65,8930.5,419.14999999999964,8647.227272727272,8378.0,8963.0,8465.0,585.0,267.0,267.0,267.0,267.0,0.0,84.5,69.0,93.5,69.0,24.5,102.3,102.3,102.3,102.3,0.0,8743.157894736842,8864.318181818182,0,-0.01366831431320405,small_down,2021,5,0.05,0.005
2021-06,8743.157894736842,8450.0,8950.0,8650.0,500.0,2338.23,2338.23,2338.23,2338.23,0.0,55.0,53.0,57.0,53.0,4.0,31.13935483870968,28.02,36.18,34.43,8.16,230.16,230.16,230.16,230.16,0.0,55.0,54.0,56.0,54.0,2.0,61.69,61.69,61.69,61.69,0.0,7113.511578947368,6968.69,7375.32,7301.35,406.6300000000001,6903.262105263158,6686.02,6985.46,6924.4,299.4399999999996,8216.578947368422,7900.0,8440.0,7900.0,540.0,7476.013157894737,6997.0,8140.0,7082.5,1143.0,9059.407894736842,8829.5,9208.25,8829.5,378.75,8602.833333333334,8306.0,8973.0,8332.0,667.0,285.0,285.0,285.0,285.0,0.0,75.86842105263158,67.0,87.0,73.0,20.0,102.3,102.3,102.3,102.3,0.0,8502.619047619048,8743.157894736842,0,-0.027511666838659313,small_down,2021,6,0.05,0.005
2021-07,8502.619047619048,8300.0,8750.0,8575.0,450.0,2306.08,2306.08,2306.08,2306.08,0.0,48.5,47.0,53.0,47.0,6.0,33.001666666666665,28.31,37.97,37.97,9.66,,,,,,55.25,55.0,56.0,55.0,1.0,63.03,63.03,63.03,63.03,0.0,7740.98,7421.17,8090.71,8077.96,669.54,7263.85761904762,6981.26,7505.72,7417.41,524.46,7419.285714285715,7030.0,7900.0,7540.0,870.0,7715.3125,7082.5,8335.0,8335.0,1252.5,8468.785714285714,8324.5,8652.75,8400.25,328.25,8336.333333333334,8108.0,8608.0,8490.0,500.0,263.0,263.0,263.0,263.0,0.0,69.45238095238095,61.0,78.0,61.0,17.0,102.3,102.3,102.3,102.3,0.0,8574.545454545454,8502.619047619048,1,0.00845932371232692,small_up,2021,7,0.05,0.005
